{"train_acc": [49.41901657928298, 60.00425109820037, 64.66983137310471, 68.60563979027916, 71.72665438571632, 77.51169052005102, 78.76222190732607, 79.56638798356242, 80.33512824146237, 81.08969817202778, 81.89740683009778, 82.092248830948, 82.21978177695905, 82.24812243162818, 82.28000566813094, 82.57758254215672, 82.496103159983, 82.45713475981294, 82.46067734164659, 82.43942185064475], "val_acc": [56.34122148221624, 60.578149355250105, 64.24826413490152, 70.51154881677766, 66.43049454442398, 72.90633413631855, 71.64517500354258, 72.56624628028908, 73.17557035567522, 73.09054839166785, 73.89825704973785, 73.8415757403996, 73.75655377639224, 73.75655377639224, 74.09664163242171, 73.79906475839591, 73.88408672240328, 73.8415757403996, 73.81323508573048, 73.85574606773416], "train_loss": [1.2426724734284735, 1.0924213890446137, 1.0275063338528132, 0.9713337064329387, 0.929133509793071, 0.8506117360508185, 0.8347964783622076, 0.8263927707585716, 0.8180263492016128, 0.8079994650956324, 0.7969222043810722, 0.7947468076529887, 0.7929514479799152, 0.7915830340822853, 0.7916724854660466, 0.7923866912705712, 0.7913308008948376, 0.7904805634866889, 0.7910596681410702, 0.7897232164747988], "val_loss": [1.158282479279721, 1.0803659445020408, 1.0544831038060771, 1.0100456686580883, 0.9832313783567955, 0.952200823509855, 0.9464160206630758, 0.9435849089967719, 0.945113634092236, 0.9426703881893762, 0.9397563254671399, 0.9395289305108705, 0.9378050344562099, 0.938975393502421, 0.940460336424107, 0.9389389165386355, 0.9384900889785042, 0.9383430925969085, 0.9383121378281537, 0.9382874275224781]}