{"train_acc": [51.34618109678333, 61.669264560011335, 66.67139010911153, 70.81975343630438, 74.90789287232535, 81.81592744792405, 83.30735439988663, 84.0760946577866, 85.15658211704691, 85.97846110245146, 86.76845685135326, 86.9207878701998, 87.0695763072127, 87.22190732605924, 87.22544990789287, 87.38486609040669, 87.41674932690945, 87.39195125407397, 87.46280289074677, 87.38132350857305], "val_acc": [61.40002834065467, 65.89202210571064, 65.7644891596996, 69.3637523026782, 70.34150488876293, 73.50148788437014, 74.98937225449907, 75.04605356383732, 74.06830097775259, 75.32946011052856, 75.28694912852487, 75.30111945585944, 75.61286665721978, 75.4995040385433, 75.6412073118889, 75.57035567521609, 75.57035567521609, 75.61286665721978, 75.52784469321242, 75.52784469321242], "train_loss": [1079.5026864409447, 947.8539515733719, 886.5528089404106, 838.7193672657013, 790.2015001773834, 708.3417574763298, 694.224322527647, 682.6514345407486, 674.4005388617516, 665.6836322546005, 655.1115622222424, 653.2995094358921, 652.0796476304531, 650.7396141290665, 650.1490611433983, 649.177372097969, 649.6660280525684, 648.1174667775631, 648.2752407193184, 648.5940192937851], "val_loss": [243.92479354143143, 234.5862113237381, 229.77260249853134, 216.74548691511154, 214.62045776844025, 207.5628336071968, 207.27403473854065, 207.98248648643494, 206.11643439531326, 206.37374430894852, 205.73709708452225, 205.82601070404053, 205.87650954723358, 205.79785215854645, 206.03225976228714, 205.79978942871094, 205.7237998843193, 205.73154228925705, 205.6932920217514, 205.71611124277115]}